Date,Prompt,Response Time (ms),Tokens Generated
2023-01-01,Write a sci-fi short story set in 2050,56,464
2023-01-02,Generate a creative story about space travel,48,351
2023-01-03,Write a poem about the future of technology,69,276
2023-01-04,Draft a speech for a graduation ceremony,78,381
2023-01-05,Write a sci-fi short story set in 2050,63,487
2023-01-06,Draft a speech for a graduation ceremony,100,365
2023-01-07,Generate marketing copy for a new tech product,70,255
2023-01-08,Generate a creative story about space travel,72,419
2023-01-09,Generate a creative story about space travel,83,204
2023-01-10,Create a recipe using plant-based ingredients,35,333
2023-01-11,Generate marketing copy for a new tech product,70,363
2023-01-12,Write a sci-fi short story set in 2050,52,300
2023-01-13,Draft a speech for a graduation ceremony,93,292
2023-01-14,Generate marketing copy for a new tech product,68,473
2023-01-15,Describe the impact of AI on healthcare,89,481
2023-01-16,Write a sci-fi short story set in 2050,85,359
2023-01-17,Draft a speech for a graduation ceremony,74,439
2023-01-18,Write a sci-fi short story set in 2050,92,211
2023-01-19,Generate marketing copy for a new tech product,46,492
2023-01-20,Explain quantum computing in simple terms,74,436
2023-01-21,Write a poem about the future of technology,74,283
2023-01-22,Write a sci-fi short story set in 2050,53,391
2023-01-23,Write a sci-fi short story set in 2050,84,404
2023-01-24,Write a sci-fi short story set in 2050,92,315
2023-01-25,Write a poem about the future of technology,71,494
2023-01-26,Describe the impact of AI on healthcare,45,362
2023-01-27,Create a recipe using plant-based ingredients,84,375
2023-01-28,Write a historical fiction piece about WWII,90,258
2023-01-29,Draft a speech for a graduation ceremony,81,395
2023-01-30,Draft a speech for a graduation ceremony,43,322
2023-01-31,Create a recipe using plant-based ingredients,92,305
2023-02-01,Explain quantum computing in simple terms,52,369
2023-02-02,Write a sci-fi short story set in 2050,52,299
2023-02-03,Generate marketing copy for a new tech product,34,314
2023-02-04,Describe the impact of AI on healthcare,92,286
2023-02-05,Explain quantum computing in simple terms,100,203
2023-02-06,Write a sci-fi short story set in 2050,34,368
2023-02-07,Generate a creative story about space travel,47,258
2023-02-08,Outline the ethical considerations of AI,78,481
2023-02-09,Generate a creative story about space travel,97,239
2023-02-10,Outline the ethical considerations of AI,83,400
2023-02-11,Outline the ethical considerations of AI,38,493
2023-02-12,Explain quantum computing in simple terms,68,329
2023-02-13,Write a historical fiction piece about WWII,89,276
2023-02-14,Generate marketing copy for a new tech product,43,254
2023-02-15,Generate marketing copy for a new tech product,73,232
2023-02-16,Generate a creative story about space travel,61,470
2023-02-17,Describe the impact of AI on healthcare,32,405
2023-02-18,Create a recipe using plant-based ingredients,88,247
2023-02-19,Draft a speech for a graduation ceremony,46,238
2023-02-20,Describe the impact of AI on healthcare,66,303
2023-02-21,Write a poem about the future of technology,38,239
2023-02-22,Write a historical fiction piece about WWII,73,474
2023-02-23,Write a sci-fi short story set in 2050,83,495
2023-02-24,Create a recipe using plant-based ingredients,82,386
2023-02-25,Write a sci-fi short story set in 2050,95,396
2023-02-26,Explain quantum computing in simple terms,57,290
2023-02-27,Generate a creative story about space travel,82,298
2023-02-28,Write a sci-fi short story set in 2050,32,493
2023-03-01,Generate a creative story about space travel,30,266
2023-03-02,Generate marketing copy for a new tech product,50,310
2023-03-03,Write a poem about the future of technology,87,330
2023-03-04,Create a recipe using plant-based ingredients,80,244
2023-03-05,Explain quantum computing in simple terms,30,489
2023-03-06,Generate a creative story about space travel,59,292
2023-03-07,Write a poem about the future of technology,57,399
2023-03-08,Draft a speech for a graduation ceremony,36,307
2023-03-09,Write a historical fiction piece about WWII,80,365
2023-03-10,Explain quantum computing in simple terms,72,206
2023-03-11,Describe the impact of AI on healthcare,39,418
2023-03-12,Write a historical fiction piece about WWII,89,221
2023-03-13,Draft a speech for a graduation ceremony,56,385
2023-03-14,Write a sci-fi short story set in 2050,93,304
2023-03-15,Draft a speech for a graduation ceremony,54,481
2023-03-16,Generate marketing copy for a new tech product,30,236
2023-03-17,Write a poem about the future of technology,100,257
2023-03-18,Write a sci-fi short story set in 2050,36,354
2023-03-19,Generate a creative story about space travel,83,289
2023-03-20,Generate a creative story about space travel,56,455
2023-03-21,Explain quantum computing in simple terms,44,316
2023-03-22,Create a recipe using plant-based ingredients,73,242
2023-03-23,Write a historical fiction piece about WWII,62,408
2023-03-24,Write a historical fiction piece about WWII,84,265
2023-03-25,Create a recipe using plant-based ingredients,69,374
2023-03-26,Generate a creative story about space travel,51,410
2023-03-27,Draft a speech for a graduation ceremony,56,335
2023-03-28,Create a recipe using plant-based ingredients,86,420
2023-03-29,Describe the impact of AI on healthcare,38,481
2023-03-30,Explain quantum computing in simple terms,95,319
2023-03-31,Explain quantum computing in simple terms,73,334
2023-04-01,Describe the impact of AI on healthcare,51,293
2023-04-02,Explain quantum computing in simple terms,55,478
2023-04-03,Explain quantum computing in simple terms,67,281
2023-04-04,Draft a speech for a graduation ceremony,79,261
2023-04-05,Describe the impact of AI on healthcare,83,245
2023-04-06,Describe the impact of AI on healthcare,98,263
2023-04-07,Explain quantum computing in simple terms,100,437
2023-04-08,Generate a creative story about space travel,45,309
2023-04-09,Draft a speech for a graduation ceremony,56,500
2023-04-10,Write a poem about the future of technology,76,302